iteration_index,hit_index,id,def,qseq,hseq,e
1,1,gnl|BL_ORD_ID|640,WP_128618872.1 NUDIX domain-containing protein [Mycobacterium lepraemurium],MSVRDSVLALLTGWDPPDAAQDSLRHAVLAFVHAHPDACRRECEPGHVTASTLVLDHTGGRVLLTLHHRLGRWVQLGGHCDDDDAGIVAAALREATEESGIDGLRMAPGLTAVHVHPVTCSLGLPTRHLDLQFVAHAPAGARIAISDESEDLRWWPVDALPTGTDHALTYLVAQATLA,MSVRDSVLALLTGWDPPDAAQDSLRHAVLAFVHAHPDACRRECEPGHVTASTLVLDHTGGRVLLTLHHRLGRWVQLGGHCDDDDAGIVAAALREATEESGIDGLRMAPGLTAVHVHPVTCSLGLPTRHLDLQFVAHAPAGARIAISDESEDLRWWPVDALPTGTDHALTYLVAQATLA,7.61929e-125
1,2,gnl|BL_ORD_ID|120879,WP_011725955.1 NUDIX domain-containing protein [Mycobacterium avium],MSVRDSVLALLTGWDPPDAAQDSLRHAVLAFVHAHPDACRRECEPGHVTASTLVLDHTGGRVLLTLHHRLGRWVQLGGHCDDDDAGIVAAALREATEESGIDGLRMAPGLTAVHVHPVTCSLGLPTRHLDLQFVAHAPAGARIAISDESEDLRWWPVDALPTGTDHALTYLVAQATLA,MSVRDSVLALLTQWDPPDAAQDSLRHAVLAFVHARPDACRRECEPGHVTASTLVLDHTGDRVLLTLHRRLGRWVQLGGHCDDDDAGIVAAALREATEESGIDGLRMAPGLAAVHVHPVTCSLGLPTRHLDLQFVAHAPAGARIAISDESEDLRWWPVDALPAGTDHALAYLVAQATRA,4.00492e-118
1,3,gnl|BL_ORD_ID|74099,WP_019733955.1 MULTISPECIES: NUDIX domain-containing protein [Mycobacterium avium complex (MAC)],MSVRDSVLALLTGWDPPDAAQDSLRHAVLAFVHAHPDACRRECEPGHVTASTLVLDHTGGRVLLTLHHRLGRWVQLGGHCDDDDAGIVAAALREATEESGIDGLRMAPGLTAVHVHPVTCSLGLPTRHLDLQFVAHAPAGARIAISDESEDLRWWPVDALPTGTDHALTYLVAQATLA,MSVRDSVLALLTQWDPPDAAQDSLRHAVLAFVHARPDACRRECEPGHVTASTLVLDHTGDRVLLTLHRRLGRWVQLGGHCDDDDAGIVAAALREATEESGIDGLRMAPGLAALHVHPVTCSLGLPTRHLDLQFVAHAPAGARIAISDESEDLRWWPVDALPAGTDHALAYLVAQATRA,1.36842e-117
1,4,gnl|BL_ORD_ID|70679,WP_009978754.1 NUDIX domain-containing protein [Mycobacterium avium],MSVRDSVLALLTGWDPPDAAQDSLRHAVLAFVHAHPDACRRECEPGHVTASTLVLDHTGGRVLLTLHHRLGRWVQLGGHCDDDDAGIVAAALREATEESGIDGLRMAPGLTAVHVHPVTCSLGLPTRHLDLQFVAHAPAGARIAISDESEDLRWWPVDALPTGTDHALTYLVAQATLA,MSVRDSVLALLTQWDPPDAAQDSLRHAVLAFVHARPDACRRECEPGHVTASTLVLDHTGDRVLLTLHRRLGRWVQLGGHCDDDDAGIVAAALREATEESGIDGLRMAPGLAAVHVHPVTCSLGLPTRHLDLQFVAHAPAGARIAISDESEDLRWWPVDALPADTDHALAYLVAQATRA,5.04881e-117
1,5,gnl|BL_ORD_ID|120820,WP_065370805.1 NUDIX domain-containing protein [Mycobacterium avium],MSVRDSVLALLTGWDPPDAAQDSLRHAVLAFVHAHPDACRRECEPGHVTASTLVLDHTGGRVLLTLHHRLGRWVQLGGHCDDDDAGIVAAALREATEESGIDGLRMAPGLTAVHVHPVTCSLGLPTRHLDLQFVAHAPAGARIAISDESEDLRWWPVDALPTGTDHALTYLVAQATLA,MSVRDSVLALLTQWDPPDAAQDSLRYAVLAFVHARPDACRRECEPGHVTASTLVLDHTGDRVLLTLHRRLGRWVQLGGHCDDDDAGIVAAALREATEESGIDGLRMAPGLAAVHVHPVTCSLGLPTRHLDLQFVAHAPAGARIAISDESEDLRWWPVDALPADTDHALAYLVAQATRA,1.06455e-116
1,6,gnl|BL_ORD_ID|120844,WP_033720997.1 NUDIX domain-containing protein [Mycobacterium avium],MSVRDSVLALLTGWDPPDAAQDSLRHAVLAFVHAHPDACRRECEPGHVTASTLVLDHTGGRVLLTLHHRLGRWVQLGGHCDDDDAGIVAAALREATEESGIDGLRMAPGLTAVHVHPVTCSLGLPTRHLDLQFVAHAPAGARIAISDESEDLRWWPVDALPTGTDHALTYLVAQATLA,MSVHDSVLALLTQWDPPDAAQDSLRHAVLAFVHARPDACRRECEPGHVTASTLVLDHTGDRVLLTLHRRLGRWVQLGGHCDDDDAGVVAAALREATEESGIDGLRMAPGLAAVHVHPVTCSLGLPTRHLDLQFVAHAPAGARIAISDESEDLRWWPVDALPAGTDHALAYLVAQATRA,1.18798e-116
1,7,gnl|BL_ORD_ID|71728,WP_003874548.1 NUDIX domain-containing protein [Mycobacterium avium],MSVRDSVLALLTGWDPPDAAQDSLRHAVLAFVHAHPDACRRECEPGHVTASTLVLDHTGGRVLLTLHHRLGRWVQLGGHCDDDDAGIVAAALREATEESGIDGLRMAPGLTAVHVHPVTCSLGLPTRHLDLQFVAHAPAGARIAISDESEDLRWWPVDALPTGTDHALTYLVAQATLA,MSVRDSVLALLTQWDPPDAAQDSLRHAVLAFVHARPDACRRECEPGHVTASTLVLDHTGDRVLLTLHRRLGRWVQLGGHCDDD-AGIVAAALREATEESGIDGLRMAPGLAAVHVHPVTCSLGLPTRHLDLQFVAHAPAGARIAISDESEDLRWWPVDGLPAGTDHALAYLVAQATRA,7.74624e-115
1,8,gnl|BL_ORD_ID|17922,WP_067168314.1 NUDIX domain-containing protein [Mycobacterium marseillense],MSVRDSVLALLTGWDPPDAAQDSLRHAVLAFVHAHPDACRRECEPGHVTASTLVLDHTGGRVLLTLHHRLGRWVQLGGHCDDDDAGIVAAALREATEESGIDGLRMAPGLTAVHVHPVTCSLGLPTRHLDLQFVAHAPAGARIAISDESEDLRWWPVDALPTGTDHALTYLVAQA,MSLRESVIAILSGWEPPDAGQDSLRHAVLAFVEARDDACRRECVPGHVTASALVLDHSGDRVLLTLHRRLGRWVQLGGHCDEGDPDIVAAALREATEESGVDGLRMAPELAAVHVHPVVCSLGVPTRHLDLQFVAHAPAGAQIAISDESEDLRWWPADALPEGTDHALAYLVSRA,2.28858e-102
2,1,gnl|BL_ORD_ID|13372,WP_120794232.1 DUF2520 domain-containing protein [Mycobacterium paragordonae],MEQFDGLRPARLKVGIISAGRVGSALGVALERADHVVVACSAISQASLQRAQRRLPDTPVLSPPDVAAGAELLLLAVTDSELPGLVAGLAATSAVRPGTIVVHTSGANGIGILEPLTRQGCIPVAIHPAMTFTGSDEDIARLPDTCFGVTAADEVGYAIGQSLVLEMGGEPFFVREDARVLYHAALAHASNHLVTVLADALEALRAALTGDELLGQQRVDNQPGGIAERIVGPLARAALENTLQRGQAALTGPVARGDAAAVAGHLSALGDADPELAHAYRVNALRTAQRAHAPDDVVEVLVR,MEQFDGLRPARLKVGIISAGRVGSALGVALERADHVVVACSAISQASLQRAQRRLPDTPVLSPPDVAAGAELLLLAVTDSELPGLVAGLAATSAVRPGTIVVHTSGANGIGILEPLTRQGCIPVAIHPAMTFTGSDEDIARLPDTCFGVTAADEVGYAIGQSLVLEMGGEPFFVREDARVLYHAALAHASNHLVTVLADALEALRAALTGDELLGQQRVDNQPGGIAERIVGPLARAALENTLQRGQAALTGPVARGDAAAVAGHLSALGDADPELAHAYRVNALRTAQRAHAPDDVVEVLVR,0
2,2,gnl|BL_ORD_ID|98940,WP_096369584.1 DUF2520 domain-containing protein [Mycobacterium ulcerans],MEQFDGLRPARLKVGIISAGRVGSALGVALERADHVVVACSAISQASLQRAQRRLPDTPVLSPPDVAAGAELLLLAVTDSELPGLVAGLAATSAVRPGTIVVHTSGANGIGILEPLTRQGCIPVAIHPAMTFTGSDEDIARLPDTCFGVTAADEVGYAIGQSLVLEMGGEPFFVREDARVLYHAALAHASNHLVTVLADALEALRAALTGDELLGQQRVDNQPGGIAERIVGPLARAALENTLQRGQAALTGPVARGDAAAVAGHLSALGDADPELAHAYRVNALRTAQRAHAPDDVVEVL,MVQLDGLRPARLKVGIISAGRVGTALGIALERADHVVVACSAISHASLQRAQRRLPDTPVLPPPDVAASAELLMLAVTDSELAGLISGLAATSAVRPGTIVAHTSGANGIGILEPLTAQGCIPLAIHPAMTFTGSDEDINRLPDTCFGITAADDVGYAIAQSLVLEMGGEPFCVREESRVLYHAALAHASNHLVTVLADALEGLRTALRGQELLGQQCVDNQPGGIAERIVGPLARAALENTLQRGQAALTGPVARGDAAAVAGHLAALTEADPQLAQAYRVNALRTAMRAHAPGDVVEVL,0
2,3,gnl|BL_ORD_ID|126153,WP_020785187.1 MULTISPECIES: DUF2520 domain-containing protein [Mycobacterium],MEQFDGLRPARLKVGIISAGRVGSALGVALERADHVVVACSAISQASLQRAQRRLPDTPVLSPPDVAAGAELLLLAVTDSELPGLVAGLAATSAVRPGTIVVHTSGANGIGILEPLTRQGCIPVAIHPAMTFTGSDEDIARLPDTCFGVTAADEVGYAIGQSLVLEMGGEPFFVREDARVLYHAALAHASNHLVTVLADALEALRAALTGDELLGQQRVDNQPGGIAERIVGPLARAALENTLQRGQAALTGPVARGDAAAVAGHLSALGDADPELAHAYRVNALRTAQRAHAPDDVVEVL,MVQLDGLRPARLKVGIISAGRVGTALGVALERADHVVVGCSAISHASLQRAQRRLPDTPVLPPPDVAASAELLVLAVTDSELAGLISGLAATSAVRPGTIVAHTSGANGIGILEPLTAQGCIPLAIHPAMTFTGSDEDINRLPDTCFGITAADDVGYAIAQSLVLEMGGEPFCVREESRVLYHAALAHASNHLVTVLADALEALRTALRGQELLGQQCVDNQPGGIAERIVGPLARAALENTLQRGQAALTGPVARGDAAAVAGHLAALTEADPQLAQAYRVNALRTAMRAHAPGDVVEVL,0
2,4,gnl|BL_ORD_ID|125854,WP_041324989.1 DUF2520 domain-containing protein [Mycobacterium marinum],MEQFDGLRPARLKVGIISAGRVGSALGVALERADHVVVACSAISQASLQRAQRRLPDTPVLSPPDVAAGAELLLLAVTDSELPGLVAGLAATSAVRPGTIVVHTSGANGIGILEPLTRQGCIPVAIHPAMTFTGSDEDIARLPDTCFGVTAADEVGYAIGQSLVLEMGGEPFFVREDARVLYHAALAHASNHLVTVLADALEALRAALTGDELLGQQRVDNQPGGIAERIVGPLARAALENTLQRGQAALTGPVARGDAAAVAGHLSALGDADPELAHAYRVNALRTAQRAHAPDDVVEVL,MVQLDGLRPARLKVGIISAGRVGTALGVALERADHVVVACSAISHASLQRAQRRLPDTPVLPPPDVAASAELLVLAVTDSELAGLISGLAATSAVRPGAIVAHTSGANGIGILEPLTAQGCIPLAIHPAMTFTGSDEDINRLPDTCFGITAADDVGYAIAQSLVLEMGGEPFCVREESRVLYHAALAHASNHLVTVLADALEALRTALRGQELLGQQCVDNQPGGIAERIVGPLARAALENTLQRGQAALTGPVARGDAAAVAGHLAALTEADPQLAQAYRVNALRTAMRAHAPGDVVEVL,0
2,5,gnl|BL_ORD_ID|127923,WP_015357454.1 DUF2520 domain-containing protein [Mycobacterium liflandii],MEQFDGLRPARLKVGIISAGRVGSALGVALERADHVVVACSAISQASLQRAQRRLPDTPVLSPPDVAAGAELLLLAVTDSELPGLVAGLAATSAVRPGTIVVHTSGANGIGILEPLTRQGCIPVAIHPAMTFTGSDEDIARLPDTCFGVTAADEVGYAIGQSLVLEMGGEPFFVREDARVLYHAALAHASNHLVTVLADALEALRAALTGDELLGQQRVDNQPGGIAERIVGPLARAALENTLQRGQAALTGPVARGDAAAVAGHLSALGDADPELAHAYRVNALRTAQRAHAPDDVVEVL,MVQLDGLRPARLKVGIISAGRVGTALGGALERADHVVVACSAISHASLQRAQRRLPDTPVLPPPDVAASAELLVLAVTDSELAGLISGLAATSAVRPGTIVAHTSGANGIGILEPLTAQGCIPLAIHPAMTFTGSDEDINRLPDTCFGITAADDVGYAIAQSLVLEMGGEPFCVREESRVLYHAALAHASNHLVTVLADALEALRTALRGQELLGQQCVDNQPGGIAERIVGPLARAALENTLQRGQAALTGPVARGDAAAVAGHLAALTEADPQLAQAYRVNALRTAMRAHAPGDVVEVL,0
2,6,gnl|BL_ORD_ID|128152,WP_011741823.1 DUF2520 domain-containing protein [Mycobacterium ulcerans],MEQFDGLRPARLKVGIISAGRVGSALGVALERADHVVVACSAISQASLQRAQRRLPDTPVLSPPDVAAGAELLLLAVTDSELPGLVAGLAATSAVRPGTIVVHTSGANGIGILEPLTRQGCIPVAIHPAMTFTGSDEDIARLPDTCFGVTAADEVGYAIGQSLVLEMGGEPFFVREDARVLYHAALAHASNHLVTVLADALEALRAALTGDELLGQQRVDNQPGGIAERIVGPLARAALENTLQRGQAALTGPVARGDAAAVAGHLSALGDADPELAHAYRVNALRTAQRAHAPDDVVEVL,MVQLDGLRPARLKVGIISAGRVGTALGVALERADHVVVACSAISHASLQRAQRRLPDTPVLPPLDVAASAELLVLAVTDSELAGLISGLAATSAVRPGTIVAHTSGANGIGILEPLTAQGCIPLAIHPAMTFTGSDEDINRLPDTCFGITAADDVGYAIAQSLVLEMGGEPFCVREESRVLYHAALAHASNHLVTVLADALEALRTALRGQELLGQQCVDNQPGGIAERIVGPLARAALENTLQRGQAALTGPVARGDAAAVAGHLAALTEADPQLAQAYRVNALRTAMRAHAPGDVVEVL,0
2,7,gnl|BL_ORD_ID|126170,WP_020730866.1 DUF2520 domain-containing protein [Mycobacterium marinum],MEQFDGLRPARLKVGIISAGRVGSALGVALERADHVVVACSAISQASLQRAQRRLPDTPVLSPPDVAAGAELLLLAVTDSELPGLVAGLAATSAVRPGTIVVHTSGANGIGILEPLTRQGCIPVAIHPAMTFTGSDEDIARLPDTCFGVTAADEVGYAIGQSLVLEMGGEPFFVREDARVLYHAALAHASNHLVTVLADALEALRAALTGDELLGQQRVDNQPGGIAERIVGPLARAALENTLQRGQAALTGPVARGDAAAVAGHLSALGDADPELAHAYRVNALRTAQRAHAPDDVVEVL,MVQLDGLRPARLKVGIISAGRVGTALGVALERADHVVVACSAISHASLQRAQRRLPDTPVLPPPDVAASAELLVLAVTDSELAGLISGLAATSAVRPGTIVAHTSGANGIGILEPLTAQGCIPLAIHPAMTFTGSDEDINRLPDTCFGITAADDVGYAIAQSLVLEMGGEPFCVGEESRVLYHAALAHASNHLVTVLADALEALRTALRGQELLGQQCVDNQPGGIAERIVGPLARAALENTLQRGQAALTGPIARGDAAAVAGHLAALTEADPQLAQAYRVNALRTAMRAHAPGDVVEVL,0
2,8,gnl|BL_ORD_ID|127611,WP_038581025.1 DUF2520 domain-containing protein [Mycobacterium marinum],MEQFDGLRPARLKVGIISAGRVGSALGVALERADHVVVACSAISQASLQRAQRRLPDTPVLSPPDVAAGAELLLLAVTDSELPGLVAGLAATSAVRPGTIVVHTSGANGIGILEPLTRQGCIPVAIHPAMTFTGSDEDIARLPDTCFGVTAADEVGYAIGQSLVLEMGGEPFFVREDARVLYHAALAHASNHLVTVLADALEALRAALTGDELLGQQRVDNQPGGIAERIVGPLARAALENTLQRGQAALTGPVARGDAAAVAGHLSALGDADPELAHAYRVNALRTAQRAHAPDDVVEVL,MVQLDGLRPARLKVGIISAGRVGTALGVALERADHVVVACSAISHASLQRAQRRLPDTPVLPPPDVAASAELLVLAVTDSELAGLISGLAATSAVRPGTIVAHTSGANGIGILEPLTAQGCIPLAIHPAMTFTGSDEDINRLPDTCFGITAADDVGYAIAQSLVLEMGGEPFCVGEEIRVLYHAALAHASNHLVTVLADALEALRTALRGQELLGQQCVDNQPGGIAERIVGPLARAALENTLQRGQAALTGPIARGDAAAVAGHLAALTEADPQLAQAYRVNALRTAMRAHAPGDVVEVL,0
2,9,gnl|BL_ORD_ID|128786,WP_023368523.1 DUF2520 domain-containing protein [Mycobacterium kansasii],MEQFDGLRPARLKVGIISAGRVGSALGVALERADHVVVACSAISQASLQRAQRRLPDTPVLSPPDVAAGAELLLLAVTDSELPGLVAGLAATSAVRPGTIVVHTSGANGIGILEPLTRQGCIPVAIHPAMTFTGSDEDIARLPDTCFGVTAADEVGYAIGQSLVLEMGGEPFFVREDARVLYHAALAHASNHLVTVLADALEALRAALTGDELLGQQRVDNQPGGIAERIVGPLARAALENTLQRGQAALTGPVARGDAAAVAGHLSALGDADPELAHAYRVNALRTAQRAHAPDDVVEVLVR,MVQFDGLRPARLKVGIISAGRVGTALGVALERADHVVVACSAVSHASLQRAGRRLPDTPVLPPPDVAAAAELLLLTVPDSELAGLVSGLAATSAIRPGTLVAHTSGANGVGILAPLTRQGCIPLAIHPAMTFTGSDEDISRLPDTCFGITAADGVGYAIAQSLVLEMGGEPFSVREDARILYHAALAHASNHIVTVLADALEALRAGLRGDELLGQQCVDDQPGGIAERIVGPLARAALENTLQRGQAALTGPIARGDAAAVAGHLAALTGVDPQLAHAYRVNALRTAQRAHAPEDVVEVLAR,8.53805e-176
2,10,gnl|BL_ORD_ID|2140,WP_128617372.1 DUF2520 domain-containing protein [Mycobacterium lepraemurium],MEQFDGLRPARLKVGIISAGRVGSALGVALERADHVVVACSAISQASLQRAQRRLPDTPVLSPPDVAAGAELLLLAVTDSELPGLVAGLAATSAVRPGTIVVHTSGANGIGILEPLTRQGCIPVAIHPAMTFTGSDEDIARLPDTCFGVTAADEVGYAIGQSLVLEMGGEPFFVREDARVLYHAALAHASNHLVTVLADALEALRAALTGDELLGQQRVDNQPGGIAERIVGPLARAALENTLQRGQAALTGPVARGDAAAVAGHLSALGDADPELAHAYRVNALRTAQRAHAPDDVVEVL,MVQSDGLRPARLKVGIISAGRVGTALGVALERADHVVVACNAISHASRQRAQRRLPDTPVATPPEVAAGAELLLLVVPDSELAGLVSGLAATEAVRPGTIVAHTSGANGVGILAPLTRQGCIPLAIHPAMTFTGSDEDVSRLPDTCFGITAADEVGYAIAQSLVLEMGGEPFSVAEDARVLYHAALAHASNHLVTVLSDALEALRAALRGSELLGQQTADEQPGGIAERIVGPLARAALENTLQRGQVALTGPVARGDAAAVAGHLAALNRVAPELVQAYRVSALRTARRAHAPQEVVEVL,1.89747e-174
2,11,gnl|BL_ORD_ID|71619,WP_003875611.1 MULTISPECIES: DUF2520 domain-containing protein [Mycobacterium avium complex (MAC)],MEQFDGLRPARLKVGIISAGRVGSALGVALERADHVVVACSAISQASLQRAQRRLPDTPVLSPPDVAAGAELLLLAVTDSELPGLVAGLAATSAVRPGTIVVHTSGANGIGILEPLTRQGCIPVAIHPAMTFTGSDEDIARLPDTCFGVTAADEVGYAIGQSLVLEMGGEPFFVREDARVLYHAALAHASNHLVTVLADALEALRAALTGDELLGQQRVDNQPGGIAERIVGPLARAALENTLQRGQAALTGPVARGDAAAVAGHLSALGDADPELAHAYRVNALRTAQRAHAPDDVVEVL,MVQFDGLRPARLKVGIISAGRVGTALGVALERADHVVVACSAISHASRQRAQRRLPDTPVATPPEVAAGAELLLLAVPDSELAGLVSGLAATEAVRAGTIVAHTSGANGVGILAPLTRQGCIPLAIHPAMTFTGSDEDISRLPDTCFGITAADEVGYAIGQSLVLEMGGEPFSVAEDARVLYHAALAHASNHLVTVLSDALEALRAALRGSELLGQQTVDEQPGGIAERIVGPLARAALENTLQRGQAALTGPVARGDAAAVAGHLAALHRVAPELAQAYRVNALRTAQRAHAPQEVVEVL,6.11004e-172
2,12,gnl|BL_ORD_ID|74885,WP_014378985.1 MULTISPECIES: DUF2520 domain-containing protein [Mycobacterium],MEQFDGLRPARLKVGIISAGRVGSALGVALERADHVVVACSAISQASLQRAQRRLPDTPVLSPPDVAAGAELLLLAVTDSELPGLVAGLAATSAVRPGTIVVHTSGANGIGILEPLTRQGCIPVAIHPAMTFTGSDEDIARLPDTCFGVTAADEVGYAIGQSLVLEMGGEPFFVREDARVLYHAALAHASNHLVTVLADALEALRAALTGDELLGQQRVDNQPGGIAERIVGPLARAALENTLQRGQAALTGPVARGDAAAVAGHLSALGDADPELAHAYRVNALRTAQRAHAPDDVVEVL,MVQFDGLRPARLKVGIISAGRVGTALGVALERADHVVVACSAISHASRQRAQRRLPDTPVATPPDVAAGAELLLLAVPDSELAGLVSGLAATSAVRPGTIVVHTSGANGVSVLAPLAEQGCIPLAIHPAMTFTGSDEDISRLPDTCFGITAADEVGYAIGQSLVLEMGGEPFCVAEDARVLYHAALAHAGNHIVTVLADALEALRAALRGSELLGQQSVDDQPGGIAERIVGPLARAALENTLQRGQAALTGPVARGDAAAVAGHLAALAGVGPELAQAYRVNALRTAQRAHAPQDVVEVL,7.36104e-172
2,13,gnl|BL_ORD_ID|126628,WP_008263492.1 MULTISPECIES: DUF2520 domain-containing protein [Mycobacterium],MEQFDGLRPARLKVGIISAGRVGSALGVALERADHVVVACSAISQASLQRAQRRLPDTPVLSPPDVAAGAELLLLAVTDSELPGLVAGLAATSAVRPGTIVVHTSGANGIGILEPLTRQGCIPVAIHPAMTFTGSDEDIARLPDTCFGVTAADEVGYAIGQSLVLEMGGEPFFVREDARVLYHAALAHASNHLVTVLADALEALRAALTGDELLGQQRVDNQPGGIAERIVGPLARAALENTLQRGQAALTGPVARGDAAAVAGHLSALGDADPELAHAYRVNALRTAQRAHAPDDVVEVL,MVQFDGLRPARLKVGIISAGRVGTALGVALERADHVVVACSAISHASRQRAQRRLPDTPVATPPDVAAGAELLLLAVPDSELAGLVSGLAATSAVRPGTIVVHTSGANGVSVLAPLAAQGCIPLAIHPAMTFTGSDEDISRLPDTCFGITAADEVGYAIGQSLVLEMGGEPFCVAEDARVLYHAALAHAGNHIVTVLADALEALRAALRGSELLGQQSVDDQPGGIAERIVGPLARAALENTLQRGQAALTGPVARGDAAAVAGHLAALAGVGPELAQAYRVNALRTAQRAHAPQDVVEVL,9.68061e-172
2,14,gnl|BL_ORD_ID|126038,WP_023869842.1 DUF2520 domain-containing protein [Mycobacterium avium],MEQFDGLRPARLKVGIISAGRVGSALGVALERADHVVVACSAISQASLQRAQRRLPDTPVLSPPDVAAGAELLLLAVTDSELPGLVAGLAATSAVRPGTIVVHTSGANGIGILEPLTRQGCIPVAIHPAMTFTGSDEDIARLPDTCFGVTAADEVGYAIGQSLVLEMGGEPFFVREDARVLYHAALAHASNHLVTVLADALEALRAALTGDELLGQQRVDNQPGGIAERIVGPLARAALENTLQRGQAALTGPVARGDAAAVAGHLSALGDADPELAHAYRVNALRTAQRAHAPDDVVEVL,MVQFDGLRPARLKVGIISAGRVGTALGVALERADHVVVACSAISHASRQRAQRRLPDTPVASPPEVAAGAELLLLAVPDSELAGLVSGLAATEAVRAGTIVAHTSGANGVGILAPLTRQGCIPLAIHPAMTFTGSDEDISRLPDTCFGITAADEVGYAIAQSLVLEMGGEPFSVAEDARVLYHAALAHASNHLVTVLSDALEALRAALRGSELLGQQTVDEQPGGIAERIVGPLARAALENTLQRGQAALTGPVARGDAAAVAGHLAALHRVAPELAQAYRVNALRTAQRAHAPQEVVEVL,1.11626e-171
2,15,gnl|BL_ORD_ID|128198,WP_011723635.1 MULTISPECIES: DUF2520 domain-containing protein [Mycobacterium avium complex (MAC)],MEQFDGLRPARLKVGIISAGRVGSALGVALERADHVVVACSAISQASLQRAQRRLPDTPVLSPPDVAAGAELLLLAVTDSELPGLVAGLAATSAVRPGTIVVHTSGANGIGILEPLTRQGCIPVAIHPAMTFTGSDEDIARLPDTCFGVTAADEVGYAIGQSLVLEMGGEPFFVREDARVLYHAALAHASNHLVTVLADALEALRAALTGDELLGQQRVDNQPGGIAERIVGPLARAALENTLQRGQAALTGPVARGDAAAVAGHLSALGDADPELAHAYRVNALRTAQRAHAPDDVVEVL,MVQFDGLRPARLKVGIISAGRVGTALGVALERADHVVVACSAISHASRQRAQRRLPDTPVATPPEVAAGAELLLLAVPDSELAGLVSGLAATEAVRAGTIVAHTSGANGVGILAPLTRQGCIPLAIHPAMTFTGSDEDISRLPDTCFGITAADEVGYAIAQSLVLEMGGEPFSVAEDARVLYHAALAHASNHLVTVLSDALEALRAALRGSELLGQQTVDEQPGGIAERIVGPLARAALENTLQRGQAALTGPVARGDAAAVAGHLAALHRVAPELAQAYRVNALRTAQRAHAPQEVVEVL,2.99246e-171
2,16,gnl|BL_ORD_ID|10469,WP_121035546.1 DUF2520 domain-containing protein [Mycobacterium avium],MEQFDGLRPARLKVGIISAGRVGSALGVALERADHVVVACSAISQASLQRAQRRLPDTPVLSPPDVAAGAELLLLAVTDSELPGLVAGLAATSAVRPGTIVVHTSGANGIGILEPLTRQGCIPVAIHPAMTFTGSDEDIARLPDTCFGVTAADEVGYAIGQSLVLEMGGEPFFVREDARVLYHAALAHASNHLVTVLADALEALRAALTGDELLGQQRVDNQPGGIAERIVGPLARAALENTLQRGQAALTGPVARGDAAAVAGHLSALGDADPELAHAYRVNALRTAQRAHAPDDVVEVL,MVQFDGLRPARLKVGIISAGRVGTALGVALERADHVVVACSAISHASRQRAQRRLPDTPVASPPEVAAGAELLLLAVPDSELAGLVSGLAATEAVRAGTTVAHTSGANGVGILAPLTRQGCIPLAIHPAMTFTGSDEDISRLPDTCFGITAADEVGYAIAQSLVLEMGGEPFSVAEDARVLYHAALAHASNHLVTVLSDALEALRAALRGSELLGQQTVDEQPGGIAERIVGPLARAALENTLQRGQAALTGPVARGDAAAVAGHLAALHRVAPELAQAYRVNALRTAQRAHAPQEVVEVL,5.00811e-171
2,17,gnl|BL_ORD_ID|128031,WP_014383745.1 DUF2520 domain-containing protein [Mycobacterium paraintracellulare],MEQFDGLRPARLKVGIISAGRVGSALGVALERADHVVVACSAISQASLQRAQRRLPDTPVLSPPDVAAGAELLLLAVTDSELPGLVAGLAATSAVRPGTIVVHTSGANGIGILEPLTRQGCIPVAIHPAMTFTGSDEDIARLPDTCFGVTAADEVGYAIGQSLVLEMGGEPFFVREDARVLYHAALAHASNHLVTVLADALEALRAALTGDELLGQQRVDNQPGGIAERIVGPLARAALENTLQRGQAALTGPVARGDAAAVAGHLSALGDADPELAHAYRVNALRTAQRAHAPDDVVEVL,MVQFDGLRPARLKVGIISAGRVGTALGVALERADHVVVACSAISHASRQRAQRRLPDTPVATPPDVAAGAELLLLAVPDSELAGLVSGLAATSAVRPGTIVVHTSGANGVSVLAPLAAQGCIPLAIHPAMTFTGSDEDISRLPDTCFGITAADEVGYAIGQSLVLEMGGEPFCVAEDARVLYHAALAHAGNHIVTVLADALEALRAALRGSELLAQQSVDDQPGGIAERIVGPLARAALENTLQRGQAALTGPVARGDAAAVAGHLAALAGVGPELAQAYRVNALRTAQRAHAPQDVVEVL,8.47378e-171
2,18,gnl|BL_ORD_ID|125841,WP_042910589.1 MULTISPECIES: DUF2520 domain-containing protein [Mycobacterium avium complex (MAC)],MEQFDGLRPARLKVGIISAGRVGSALGVALERADHVVVACSAISQASLQRAQRRLPDTPVLSPPDVAAGAELLLLAVTDSELPGLVAGLAATSAVRPGTIVVHTSGANGIGILEPLTRQGCIPVAIHPAMTFTGSDEDIARLPDTCFGVTAADEVGYAIGQSLVLEMGGEPFFVREDARVLYHAALAHASNHLVTVLADALEALRAALTGDELLGQQRVDNQPGGIAERIVGPLARAALENTLQRGQAALTGPVARGDAAAVAGHLSALGDADPELAHAYRVNALRTAQRAHAPDDVVEVL,MVQFDGLRPARLKVGIISAGRVGTALGVALERADHVVVACSAISHASRQRAQRRLPDTPVATPPDVAAGAELLLLAVPDSELAGLVSGLAATSAVRPGTIVVHTSGANGVSVLAPLAEQGCIPLAIHPAMTFTGSDEDTSRLPDTCFGITAADEVGYAIGQSLVLEMGGEPFCVAEDARVLYHAALAHAGNHIVTVLADALEALRAALRGSELLGQQPVDDQPGGIAERIVGPLARAALENTLQRGQAALTGPVARGDAAAVAGHLAALAGVGPELAQAYRVNALRTAQRAHAPQDVVEVL,1.10225e-170
2,19,gnl|BL_ORD_ID|72314,WP_099178269.1 DUF2520 domain-containing protein [Mycobacterium avium],MEQFDGLRPARLKVGIISAGRVGSALGVALERADHVVVACSAISQASLQRAQRRLPDTPVLSPPDVAAGAELLLLAVTDSELPGLVAGLAATSAVRPGTIVVHTSGANGIGILEPLTRQGCIPVAIHPAMTFTGSDEDIARLPDTCFGVTAADEVGYAIGQSLVLEMGGEPFFVREDARVLYHAALAHASNHLVTVLADALEALRAALTGDELLGQQRVDNQPGGIAERIVGPLARAALENTLQRGQAALTGPVARGDAAAVAGHLSALGDADPELAHAYRVNALRTAQRAHAPDDVVEVL,MVQFDGLRPARLKVGIISAGRVGTALGVALERADHVVVACSAISHASRQRAQRRLPDTPVASPPEAAAGAELLLLAVPDSELAGLVSGLAATEAVRAGTIVAHTSGANGVGILAPLTRQGCIPLAIHPAMTFTGSDEDISRLPDTCFGITAADEVGYAIAQSLVLEMGGEPFSVAEDARVLYHAALAHASNHLVTVLSDALEALRAALRGSELLGQQTVDEQPGGIAERIVGPLARAALENTLQRGQAALTGPVARGDAAAVAGHLAALHRVAPELAQAYRVNALRTAQRAHAPQEVVEVL,1.65324e-170
2,20,gnl|BL_ORD_ID|125976,WP_033720240.1 DUF2520 domain-containing protein [Mycobacterium avium],MEQFDGLRPARLKVGIISAGRVGSALGVALERADHVVVACSAISQASLQRAQRRLPDTPVLSPPDVAAGAELLLLAVTDSELPGLVAGLAATSAVRPGTIVVHTSGANGIGILEPLTRQGCIPVAIHPAMTFTGSDEDIARLPDTCFGVTAADEVGYAIGQSLVLEMGGEPFFVREDARVLYHAALAHASNHLVTVLADALEALRAALTGDELLGQQRVDNQPGGIAERIVGPLARAALENTLQRGQAALTGPVARGDAAAVAGHLSALGDADPELAHAYRVNALRTAQRAHAPDDVVEVL,MVQFDGLRPARLKVGIISAGRVGTALGVALERADHVVVACSAISHASRQRAQRRLPDTPVATPPEVAAGAELLLLAVPDSELAGLVSGLAATEAVRAGTIVAHTSGANGVGILAPLTRQGCIPLAIHPAMTFTGSDEDISRLPDTCFGITAADGVGYAIGQSLVLEMGGEPFSVAEGARVLYHAALAHASNHLVTVLSDALEALRAALRGSELLGQQTVDEQPGGIAERIVGPLARAALENTLQRGQAALTGPVARGDAAAVAGHLAALHRVAPELAQAYRVNALRTAQRAHAPQEVVEVL,1.14961e-169
2,21,gnl|BL_ORD_ID|127962,WP_015309660.1 DUF2520 domain-containing protein [Mycobacterium sp. JS623],MEQFDGLRPARLKVGIISAGRVGSALGVALERADHVVVACSAISQASLQRAQRRLPDTPVLSPPDVAAGAELLLLAVTDSELPGLVAGLAATSAVRPGTIVVHTSGANGIGILEPLTRQGCIPVAIHPAMTFTGSDEDIARLPDTCFGVTAADEVGYAIGQSLVLEMGGEPFFVREDARVLYHAALAHASNHLVTVLADALEALRAALTGDELLGQQRVDNQPGGIAERIVGPLARAALENTLQRGQAALTGPVARGDAAAVAGHLSALGDADPELAHAYRVNALRTAQRAHAPDDVVEVL,MEQVDGLRPARLTIGIISAGRVGTALGVALERADHVVVACSAISRASRQRAERWLPDTAVLPPDDVAGRAELLLLAVPDAELAGLVSGLAATSSVRPGTIVAHTSGANGIGVLAPLTDQDCIPLAIHPAMTFTGSDEDIARLSETCFGLTAADEVGYAIAQALVLEIGGEPFRVREDARALYHSALAHASNHVVTVLLDAVEALRAALWGQELLGQELVGDAPGGIAERVIGPLARASLENALQRGQAALTGPVARGDADAVAGHLRALAEVDPQLAQAYRANSLRTAQRAHAPKEVFAVL,4.37547e-168
2,22,gnl|BL_ORD_ID|127323,WP_067992438.1 DUF2520 domain-containing protein [Mycobacterium sp. YC-RL4],QFDGLRPARLKVGIISAGRVGSALGVALERADHVVVACSAISQASLQRAQRRLPDTPVLSPPDVAAGAELLLLAVTDSELPGLVAGLAATSAVRPGTIVVHTSGANGIGILEPLTRQGCIPVAIHPAMTFTGSDEDIARLPDTCFGVTAADEVGYAIGQSLVLEMGGEPFFVREDARVLYHAALAHASNHLVTVLADALEALRAALTGDELLGQQRVDNQPGGIAERIVGPLARAALENTLQRGQAALTGPVARGDAAAVAGHLSALGDADPELAHAYRVNALRTAQRAHAPDDVVEVL,MVDGLRPARLTVGVISAGRVGTALGVALERAEHVVVACSAISRQSRERAARRLPDTAVLPVPDVAGRAELLLLAVPDAELPALIAGLAATEAVRAGTIVVHTSGMNGIGVLAPLTARGCIPLAIHPAMTFTGSDEDIARLPDTCFGVTALDEIGYAIGQALVLEIGGEPFRVREDARMLYHAALAHASNHLVTVVLDAVDALRSALRGQELLGQELVGDAPGGLAERIVGPLARASLENALQRGQAALTGPVARGDAAAVAGHLRALGEADPELAQAYRSNSLRTAQRAHAPKDVFDVL,5.21373e-168
2,23,gnl|BL_ORD_ID|148082,YP_009360993.1 CONSERVED HYPOTHETICAL ALANINE AND LEUCINE RICH PROTEIN [Mycobacterium tuberculosis variant bovis AF2122/97],MEQFDGLRPARLKVGIISAGRVGSALGVALERADHVVVACSAISQASLQRAQRRLPDTPVLSPPDVAAGAELLLLAVTDSELPGLVAGLAATSAVRPGTIVVHTSGANGIGILEPLTRQGCIPVAIHPAMTFTGSDEDIARLPDTCFGVTAADEVGYAIGQSLVLEMGGEPFFVREDARVLYHAALAHASNHLVTVLADALEALRAALTGDELLGQQRVDNQPGGIAERIVGPLARAALENTLQRGQAALTGPVARGDAAAVAGHLSALGDADPELAHAYRVNALRTAQRAHAPDDVVEVL,MERFDGLRPARLKVGIISAGRVGTALGVALQRADHVVVACSAISHASRRRAQRRLPDTPVLPPLDVAASAELLLLAVTDSELAGLVSGLAATSAVRPQTIVAHTSGANGIGILAPLAQQGCIPLAIHPAMTFTGSDEDISRLPDTCFGITAADDVGYAIGQSLVLEMGGEPFCVREDARILYHAALAHASNHIVTVLADALEALRAALSGGELLGQQTVDDQPGGIVERIVGPLARAALENTLQRGQAALTGPVARGDAAAVADHLAALADVDAALAQAYRINALRTAQRAHAPADVVEVL,2.54307e-166
2,24,gnl|BL_ORD_ID|95188,WP_003419533.1 MULTISPECIES: DUF2520 domain-containing protein [Mycobacterium],MEQFDGLRPARLKVGIISAGRVGSALGVALERADHVVVACSAISQASLQRAQRRLPDTPVLSPPDVAAGAELLLLAVTDSELPGLVAGLAATSAVRPGTIVVHTSGANGIGILEPLTRQGCIPVAIHPAMTFTGSDEDIARLPDTCFGVTAADEVGYAIGQSLVLEMGGEPFFVREDARVLYHAALAHASNHLVTVLADALEALRAALTGDELLGQQRVDNQPGGIAERIVGPLARAALENTLQRGQAALTGPVARGDAAAVAGHLSALGDADPELAHAYRVNALRTAQRAHAPDDVVEVL,MERFDGLRPARLKVGIISAGRVGTALGVALQRADHVVVACSAISHASRRRAQRRLPDTPVLPPLDVAASAELLLLAVTDSELAGLVSGLAATSAVRPQTIVAHTSGANGIGILAPLAQQGCIPLAIHPAMTFTGSDEDISRLPDTCFGITAADDVGYAIGQSLVLEMGGEPFCVREDARILYHAALAHASNHIVTVLADALEALRAALSGGELLGQQTVDDQPGGIVERIVGPLARAALENTLQRGQAALTGPVARGDAAAVADHLAALADVDAALAQAYRINALRTAQRAHAPADVVEVL,2.54307e-166
2,25,gnl|BL_ORD_ID|78246,NP_218120.1 hypothetical protein Rv3603c [Mycobacterium tuberculosis H37Rv],MEQFDGLRPARLKVGIISAGRVGSALGVALERADHVVVACSAISQASLQRAQRRLPDTPVLSPPDVAAGAELLLLAVTDSELPGLVAGLAATSAVRPGTIVVHTSGANGIGILEPLTRQGCIPVAIHPAMTFTGSDEDIARLPDTCFGVTAADEVGYAIGQSLVLEMGGEPFFVREDARVLYHAALAHASNHLVTVLADALEALRAALTGDELLGQQRVDNQPGGIAERIVGPLARAALENTLQRGQAALTGPVARGDAAAVAGHLSALGDADPELAHAYRVNALRTAQRAHAPDDVVEVL,MERFDGLRPARLKVGIISAGRVGTALGVALQRADHVVVACSAISHASRRRAQRRLPDTPVLPPLDVAASAELLLLAVTDSELAGLVSGLAATSAVRPQTIVAHTSGANGIGILAPLAQQGCIPLAIHPAMTFTGSDEDISRLPDTCFGITAADDVGYAIGQSLVLEMGGEPFCVREDARILYHAALAHASNHIVTVLADALEALRAALSGGELLGQQTVDDQPGGIVERIVGPLARAALENTLQRGQAALTGPVARGDAAAVADHLAALADVDAALAQAYRINALRTAQRAHAPADVVEVL,2.54307e-166
2,26,gnl|BL_ORD_ID|128966,WP_003911028.1 DUF2520 domain-containing protein [Mycobacterium tuberculosis],MEQFDGLRPARLKVGIISAGRVGSALGVALERADHVVVACSAISQASLQRAQRRLPDTPVLSPPDVAAGAELLLLAVTDSELPGLVAGLAATSAVRPGTIVVHTSGANGIGILEPLTRQGCIPVAIHPAMTFTGSDEDIARLPDTCFGVTAADEVGYAIGQSLVLEMGGEPFFVREDARVLYHAALAHASNHLVTVLADALEALRAALTGDELLGQQRVDNQPGGIAERIVGPLARAALENTLQRGQAALTGPVARGDAAAVAGHLSALGDADPELAHAYRVNALRTAQRAHAPDDVVEVL,MERFDGLRPARLKVGIISAGRVGTALGVALQRADHVVMACSAISHASRRRAQRRLPDTPVLPPLDVAASAELLLLAVTDSELAGLVSGLAATSAVRPQTIVAHTSGANGIGILAPLAQQGCIPLAIHPAMTFTGSDEDISRLPDTCFGITAADDVGYAIGQSLVLEMGGEPFCVREDARILYHAALAHASNHIVTVLADALEALRAALSGGELLGQQTVDDQPGGIVERIVGPLARAALENTLQRGQAALTGPVARGDAAAVADHLAALADVDAALAQAYRINALRTAQRAHAPADVVEVL,7.68905e-166
2,27,gnl|BL_ORD_ID|128059,WP_014001828.1 DUF2520 domain-containing protein [Mycobacterium canettii],MEQFDGLRPARLKVGIISAGRVGSALGVALERADHVVVACSAISQASLQRAQRRLPDTPVLSPPDVAAGAELLLLAVTDSELPGLVAGLAATSAVRPGTIVVHTSGANGIGILEPLTRQGCIPVAIHPAMTFTGSDEDIARLPDTCFGVTAADEVGYAIGQSLVLEMGGEPFFVREDARVLYHAALAHASNHLVTVLADALEALRAALTGDELLGQQRVDNQPGGIAERIVGPLARAALENTLQRGQAALTGPVARGDAAAVAGHLSALGDADPELAHAYRVNALRTAQRAHAPDDVVEVL,MERFDGLRPARLKVGIISAGRVGTALGVALQRADHVVVACSAISHASRRRAQRRLPDTPVLPPPDVAASAELLLLAVTDSELAGLVSGLAATSAVRPQTIVAHTSGANGIAILAPLAQQGCIPLAIHPAMTFTGSDEDIGRLPDTCFGITAANDVGYAIGQSLVLEMGGEPFCVREDARIVYHAALAHASNHVVTVLADALEALRAALRGGELLGQQTVDDQPGGIAERIVGPLARAALENTLQRGQAALTGPVARGDAAAVADHLAALADVDAALAQAYRINALRTAQRAHAPADVVEVL,1.04492e-165
2,28,gnl|BL_ORD_ID|128426,WP_003902660.1 DUF2520 domain-containing protein [Mycobacterium tuberculosis],MEQFDGLRPARLKVGIISAGRVGSALGVALERADHVVVACSAISQASLQRAQRRLPDTPVLSPPDVAAGAELLLLAVTDSELPGLVAGLAATSAVRPGTIVVHTSGANGIGILEPLTRQGCIPVAIHPAMTFTGSDEDIARLPDTCFGVTAADEVGYAIGQSLVLEMGGEPFFVREDARVLYHAALAHASNHLVTVLADALEALRAALTGDELLGQQRVDNQPGGIAERIVGPLARAALENTLQRGQAALTGPVARGDAAAVAGHLSALGDADPELAHAYRVNALRTAQRAHAPDDVVEVL,MERFDGLRPARLKVGIISAGRVGTALGVALQRADHVVVACSAISHASRRRAQRRLPDTPVLPPLDVAASAELLLLAVTDSELAGLVSGLAATSAVRPQTIVAHTSGANGIGILAPLAQQGCIPLAIHPAMTFTGSDEDISRLPDTCFGIIAADDVGYAIGQSLVLEMGGEPFCVREDARILYHAALAHASNHIVTVLADALEALRAALSGGELLGQQTVDDQPGGIVERIVGPLARAALENTLQRGQAALTGPVARGDAAAVADHLAALADVDAALAQAYRINALRTAQRAHAPADVVEVL,2.2251e-165
2,29,gnl|BL_ORD_ID|128382,WP_007772315.1 DUF2520 domain-containing protein [Mycobacterium colombiense],MEQFDGLRPARLKVGIISAGRVGSALGVALERADHVVVACSAISQASLQRAQRRLPDTPVLSPPDVAAGAELLLLAVTDSELPGLVAGLAATSAVRPGTIVVHTSGANGIGILEPLTRQGCIPVAIHPAMTFTGSDEDIARLPDTCFGVTAADEVGYAIGQSLVLEMGGEPFFVREDARVLYHAALAHASNHLVTVLADALEALRAALTGDELLGQQRVDNQPGGIAERIVGPLARAALENTLQRGQAALTGPVARGDAAAVAGHLSALGDADPELAHAYRVNALRTAQRAHAPDDVVEVL,MVQFDGLRPARLKVGIISAGRVGTALGVALERADHVVVACSAISHASRQRAQRRLPDTPVATPPDVAAGAELLLLAVPDSELAGLVSGLAATSAVRPGTIVVHTSGANGIGILEPLAQDGCIPLAIHPAMTFTGSDEDISRLADSCFGVTAADEIGYAIGQSLVLEMGGEPFCVAEDARVLYHAALAHAGNHLVTVLADALDALRAALRGSELLGQQSVDDQPGGIAERIIGPLARAALENTLQRGQAALTGPVARGDAAAVAGHLAALGRVGPELAQAYRVNALRTAQRAHAPQEVVEVL,9.95708e-164
2,30,gnl|BL_ORD_ID|16931,WP_067174900.1 DUF2520 domain-containing protein [Mycobacterium marseillense],MEQFDGLRPARLKVGIISAGRVGSALGVALERADHVVVACSAISQASLQRAQRRLPDTPVLSPPDVAAGAELLLLAVTDSELPGLVAGLAATSAVRPGTIVVHTSGANGIGILEPLTRQGCIPVAIHPAMTFTGSDEDIARLPDTCFGVTAADEVGYAIGQSLVLEMGGEPFFVREDARVLYHAALAHASNHLVTVLADALEALRAALTGDELLGQQRVDNQPGGIAERIVGPLARAALENTLQRGQAALTGPVARGDAAAVAGHLSALGDADPELAHAYRVNALRTAQRAHAPDDVVEVLVR,MVQFDGLRPARLKVGIISAGRVGTALGVALERADHVVVACSAISHASRQRAQRRLPDTPVATPPDVAAGAELLLLAVPDSELAGLVSGLAATSAVRPGTIVVHTSGANGVSVLAPLAEQGCIPLAIHPAMTFTGSDEDISRLPDTCFGITAAGEVGYAIGQSLVLEMGGEPFCVAEDARILYHAALAHAGNHIVTVLADALDALRAALRGSELLGQQSVDDQPGGIAERIVGPLARAALENTLQRGQAALTGPVARGDAAAVAAHLAALAGVGPELAQAYRVNALRTAQRAHAPQDVVEVLAR,6.25562e-162
2,31,gnl|BL_ORD_ID|128679,WP_047316421.1 DUF2520 domain-containing protein [Mycobacterium haemophilum],MEQFDGLRPARLKVGIISAGRVGSALGVALERADHVVVACSAISQASLQRAQRRLPDTPVLSPPDVAAGAELLLLAVTDSELPGLVAGLAATSAVRPGTIVVHTSGANGIGILEPLTRQGCIPVAIHPAMTFTGSDEDIARLPDTCFGVTAADEVGYAIGQSLVLEMGGEPFFVREDARVLYHAALAHASNHLVTVLADALEALRAALTGDELLGQQRVDNQPGGIAERIVGPLARAALENTLQRGQAALTGPVARGDAAAVAGHLSALGDADPELAHAYRVNALRTAQRAHAPDDVVEVL,MVQFDGLRPARLKVGIISAGRVGTALGVALERADHVVVTCSAISRASRQRARRRLPDTSVASPPEVAASAELLLLAVPDSELAGLVSGLAATSAVRPQTIVAHTSGANGVGVLAPLSTDGCIPLAIHPAMTFTGADEDISRLPDTCFGITAADDVGYAIAQSLVLEMGGEPFCVREDARVLYHAALAHAGNHIVTVLADALEGLRAALGSSELLGQQTVDDQPGGIAERIIGPLARAACENTLQRGQAALTGPVARGDAAAVAGHLAALMQVDPELAQAYRVNALRTAQRAHAPDDVVEVL,7.09784e-160
2,32,gnl|BL_ORD_ID|126918,WP_087073620.1 DUF2520 domain-containing protein [Mycobacterium dioxanotrophicus],MEQFDGLRPARLKVGIISAGRVGSALGVALERADHVVVACSAISQASLQRAQRRLPDTPVLSPPDVAAGAELLLLAVTDSELPGLVAGLAATSAVRPGTIVVHTSGANGIGILEPLTRQGCIPVAIHPAMTFTGSDEDIARLPDTCFGVTAADEVGYAIGQSLVLEMGGEPFFVREDARVLYHAALAHASNHLVTVLADALEALRAALTGDELLGQQRVDNQPGGIAERIVGPLARAALENTLQRGQAALTGPVARGDAAAVAGHLSALGDADPELAHAYRVNALRTAQRAHAPDDVVEVL,MEQFDGLRPARLSVGIISAGRVGTALGYALERAEHVVVACSAISEPSRLRAHRRLPDTAILPVDEVAGRAELLLLTVPDAELAALVAGLAATGAVRPGTIVVHTSGANGVGILAPLTAQGCIPLAIHPAMTFTGSDEDIARLPDTCFGVTAADEVGYAIGQSLVLEIGGEPFRVREDARTQYHAALAHASNHLVTLVLDAVDVLRASLRGQELLGQELVGDEPGGLAERVVAPLARAALENALQRGQSALTGPVARGDAAAVAAHLSALEELDPQLAQAYRANSMRTAQRAHAPGDVFEVL,1.32483e-155
2,33,gnl|BL_ORD_ID|125724,WP_047333833.1 DUF2520 domain-containing protein [Mycobacterium sp. EPa45],MEQFDGLRPARLKVGIISAGRVGSALGVALERADHVVVACSAISQASLQRAQRRLPDTPVLSPPDVAAGAELLLLAVTDSELPGLVAGLAATSAVRPGTIVVHTSGANGIGILEPLTRQGCIPVAIHPAMTFTGSDEDIARLPDTCFGVTAADEVGYAIGQSLVLEMGGEPFFVREDARVLYHAALAHASNHLVTVLADALEALRAALTGDELLGQQRVDNQPGGIAERIVGPLARAALENTLQRGQAALTGPVARGDAAAVAGHLSALGDADPELAHAYRVNALRTAQRAHAPDDVVEVL,MGNPSGLRPARLKVGIVSAGRVGTALGVALERAEHVVVACSAISTASRRLAERRLPDTEILPVPDVADRAELLLLTVPDSELPGLVKGLAATDAVRRGTIVVHTSGANGVGILAPLTEQGCVPLAIHPAMTFTGADEDIARLSDSCFGVTAVDEIGDAIAQSLVLEIGGEPFGVREDARTLYHAALAHASNHIVTVVADALDALRAALSGQELLGQELVVDAPGGLAERIVGPLARAALENTLQRGQAALTGPVARGDAPAITGHLTALDAVNPELAQSYCANSLRTAQRAHAPKEVFEVL,7.52989e-154
2,34,gnl|BL_ORD_ID|72393,WP_096443274.1 DUF2520 domain-containing protein [Mycobacterium shigaense],MEQFDGLRPARLKVGIISAGRVGSALGVALERADHVVVACSAISQASLQRAQRRLPDTPVLSPPDVAAGAELLLLAVTDSELPGLVAGLAATSAVRPGTIVVHTSGANGIGILEPLTRQGCIPVAIHPAMTFTGSDEDIARLPDTCFGVTAADEVGYAIGQSLVLEMGGEPFFVREDARVLYHAALAHASNHLVTVLADALEALRAALTGDELLGQQRVDNQPGGIAERIVGPLARAALENTLQRGQAALTGPVARGDAAAVAGHLSALGDADPELAHAYRVNALRTAQRAHAPDDVVEVLVR,MVQLDGLRPARLKVGIISAGRVGTALGVALERADHVVVACSAISHASRQRAQRRLPDTHVAAPPDVAADAELLLLAVPDSELAGLVSGLAATAAVRPGTIVVHTSGANGVGILQPLAQDGCIPLAIHPAMTFTGSDEDISRLPDTCFGITAADEVGYAIGQSLVLEMGGEPFCVAEDARLLYHAALAHAGNHIVAVLADALDALRAALRGSELLGQQLVDEQPGGLAERVIGPLARAALENTLVRGQAALTGPVARGDAAAVAAHLAALNRVDPELAQAYRVNALRTAQRAHAPQDVVEVLAR,6.50828e-153
2,35,gnl|BL_ORD_ID|44200,WP_038565486.1 MULTISPECIES: DUF2520 domain-containing protein [Mycobacteriaceae],DGLRPARLKVGIISAGRVGSALGVALERADHVVVACSAISQASLQRAQRRLPDTPVLSPPDVAAGAELLLLAVTDSELPGLVAGLAATSAVRPGTIVVHTSGANGIGILEPLTRQGCIPVAIHPAMTFTGSDEDIARLPDTCFGVTAADEVGYAIGQSLVLEMGGEPFFVREDARVLYHAALAHASNHLVTVLADALEALRAALTGDELLGQQRVDNQPGGIAERIVGPLARAALENTLQRGQAALTGPVARGDAAAVAGHLSALGDADPELAHAYRVNALRTAQRAHAPDDVVEVL,EGLRPARLSVGIISAGRVGTALGFALERVDHVVVACSAISDASRLRAQRRLPETAILPVAEVAQQAELLLLTVPDAELASLVSGLAATGSVRPGTIVVHTSGANGVAVLAPLTEQGCIPLAIHPAMTFTGSDEDISRLPDTCFGVTAADEVGYAIGQSLVLEIGGEPFRVPEYARTQYHAALAHASNHLVTLLLDAVDTLRASLRGQELLGQELVDDAPGGLPERVVGPLARAALDNALQRGQSALTGPVARGDAAAVAAHLESLGALDPELARAYRADSLRTAQRAHAPAGVFAVL,3.65121e-152
2,36,gnl|BL_ORD_ID|48014,WP_019512614.1 MULTISPECIES: DUF2520 domain-containing protein [Mycobacteriaceae],QFDGLRPARLKVGIISAGRVGSALGVALERADHVVVACSAISQASLQRAQRRLPDTPVLSPPDVAAGAELLLLAVTDSELPGLVAGLAATSAVRPGTIVVHTSGANGIGILEPLTRQGCIPVAIHPAMTFTGSDEDIARLPDTCFGVTAADEVGYAIGQSLVLEMGGEPFFVREDARVLYHAALAHASNHLVTVLADALEALRAALTGDELLGQQRVDNQPGGIAERIVGPLARAALENTLQRGQAALTGPVARGDAAAVAGHLSALGDADPELAHAYRVNALRTAQRAHAPDDVVEVLV,MVDGLRPARLSVGIISAGRVGTALGVALERAEHVVVACSAISVPSRERAARRLPDTAIVPVHEVAARAELLLLAVPDAELAALISGLAGTGAVRPGTIVVHTSGANGIGILTPLTELGCLPLAIHPAMTFTGSDEDIDRLSDACFGVTAADEIGYAIGQSLVLEIGGEPFRVREDARTLYHAALAHAGNHLITVVLDAIEALRDALRGQELLGQELIGDAPGGLAERIVAPLARASLENALQRGQAALTGPVARGDAAAVARHLGALAETDPALAQAYRANSLRTAQRAHAPADVFDVLL,1.63542e-151
2,37,gnl|BL_ORD_ID|106946,WP_071948920.1 MULTISPECIES: DUF2520 domain-containing protein [Mycobacterium],DGLRPARLKVGIISAGRVGSALGVALERADHVVVACSAISQASLQRAQRRLPDTPVLSPPDVAAGAELLLLAVTDSELPGLVAGLAATSAVRPGTIVVHTSGANGIGILEPLTRQGCIPVAIHPAMTFTGSDEDIARLPDTCFGVTAADEVGYAIGQSLVLEMGGEPFFVREDARVLYHAALAHASNHLVTVLADALEALRAALTGDELLGQQRVDNQPGGIAERIVGPLARAALENTLQRGQAALTGPVARGDAAAVAGHLSALGDADPELAHAYRVNALRTAQRAHAPDDVVEVL,SGLRPARLKVGIVSAGRVGTALGVALERAEHVVVACSAISTASRRLAERRLPDTEILPVPDVADRAELLLLTVPDSELPGLVKGLAATGAVRRGTIVVHTSGANGVAILAPLTEQGCVPLAIHPAMTFTGADEDIARLADSCFGVTAADEIGYAIAQSLVLEIGGEPFGVREDARTLYHAALAHASNHIVTVVADALDALRAALSGQELLGQELVVDAPGGLAERIVGPLARAALENTLQRGQAALTGPVARGDAAAVAGHLAALDAVNPELAQSYCANSLRTAQRAHAPEEVVEVL,1.67407e-150
2,38,gnl|BL_ORD_ID|26471,WP_068919470.1 MULTISPECIES: DUF2520 domain-containing protein [Mycobacteriaceae],DGLRPARLKVGIISAGRVGSALGVALERADHVVVACSAISQASLQRAQRRLPDTPVLSPPDVAAGAELLLLAVTDSELPGLVAGLAATSAVRPGTIVVHTSGANGIGILEPLTRQGCIPVAIHPAMTFTGSDEDIARLPDTCFGVTAADEVGYAIGQSLVLEMGGEPFFVREDARVLYHAALAHASNHLVTVLADALEALRAALTGDELLGQQRVDNQPGGIAERIVGPLARAALENTLQRGQAALTGPVARGDAAAVAGHLSALGDADPELAHAYRVNALRTAQRAHAPDDVVEVLVR,NGLRPARLKVGIISAGRVGTALGVALESAEHVVVACSGISSASRLRAERRLPDTPVLPVDDVARAAELLILAVPDTELAALVAGLAATSAVSRGAIVVHTSGANGVGVLAPLAAQGCVPLAIHPAMTFTGADEDIDRLPGTCFGITAADEIGYAIAASLVLEVGGEPFRVREDARALYHAALAHASNHLVTVLADALEALRAAIAGQELLGQELVVEQPGGLAERVIAPLARAALENTLQRGQAALTGPVARGDAAAIKAHLSALAEVDPELAQAYRVMSLRTAHRAHAPEEVFEVLNR,1.93059e-147
2,39,gnl|BL_ORD_ID|50235,WP_011857211.1 MULTISPECIES: DUF2520 domain-containing protein [Mycobacteriaceae],LRPARLKVGIISAGRVGSALGVALERADHVVVACSAISQASLQRAQRRLPDTPVLSPPDVAAGAELLLLAVTDSELPGLVAGLAATSAVRPGTIVVHTSGANGIGILEPLTRQGCIPVAIHPAMTFTGSDEDIARLPDTCFGVTAADEVGYAIGQSLVLEMGGEPFFVREDARVLYHAALAHASNHLVTVLADALEALRAALTGDELLGQQRVDNQPGGIAERIVGPLARAALENTLQRGQAALTGPVARGDAAAVAGHLSALGDADPELAHAYRVNALRTAQRAHAPDDVVEVL,LRPARLSVGIISAGRVGTALGVALERAGHVVVACGAISQASRRRAQRRLPDSAVMPIHDVADRAELLVLAVPDAELSAVVSGLAATGTVRPGAIVAHTSGANGVGILAPLSERGCIPLAIHPAMTFTGADEDIARLSDACFGITAADDVGYAIAQSLVLEIGGEPFRVREDARPLYHAALAHAGNHVTTVILDAVEALRSALWGQELLGQELVGDAPGGIAERVIAPLARASLENALQRGQAALTGPVARGDAPAISAHLRALAEVNPELAEAYRTNSLRTAQRAHASEDVFAAL,9.92501e-143
2,40,gnl|BL_ORD_ID|126527,WP_011562140.1 MULTISPECIES: DUF2520 domain-containing protein [Mycobacterium],LRPARLKVGIISAGRVGSALGVALERADHVVVACSAISQASLQRAQRRLPDTPVLSPPDVAAGAELLLLAVTDSELPGLVAGLAATSAVRPGTIVVHTSGANGIGILEPLTRQGCIPVAIHPAMTFTGSDEDIARLPDTCFGVTAADEVGYAIGQSLVLEMGGEPFFVREDARVLYHAALAHASNHLVTVLADALEALRAALTGDELLGQQRVDNQPGGIAERIVGPLARAALENTLQRGQAALTGPVARGDAAAVAGHLSALGDADPELAHAYRVNALRTAQRAHAPDDVVEVL,LRPARLSVGIISAGRVGTALGVALERAGHVVVACSAISQASRRRAQRRLPDSAVMPIHDVADRAELLVLAVPDAELSAVVSGLAATGTVRPGAIVAHTSGANGVGILAPLSERGCIPLAIHPAMTFTGADEDIARLSDACFGITAADDVGYAIAQSLVLEIGGEPFRVREDARPLYHAALAHAGNHVTTVILDAVEALRSALWGQELLGQELVGDAPGGIAERVIAPLARASLENALQRGQAALTGPVARGDAPAISAHLRALAEVNPELAEAYRTTSLRTAQRAHASEDVFAAL,1.26261e-142
2,41,gnl|BL_ORD_ID|42727,WP_064407704.1 MULTISPECIES: DUF2520 domain-containing protein [Mycobacteriaceae],FDGLRPARLKVGIISAGRVGSALGVALERADHVVVACSAISQASLQRAQRRLPDTPVLSPPDVAAGAELLLLAVTDSELPGLVAGLAATSAVRPGTIVVHTSGANGIGILEPLTRQGCIPVAIHPAMTFTGSDEDIARLPDTCFGVTAADEVGYAIGQSLVLEMGGEPFFVREDARVLYHAALAHASNHLVTVLADALEALRAALTGDELLGQQRVDNQPGGIAERIVGPLARAALENTLQRGQAALTGPVARGDAAAVAGHLSALGDADPELAHAYRVNALRTAQRAHAPDDVVEVL,LDGLRPARLAVGIISAGRVGTAMGVALEAAGHFVVACSAVSDASRRRAEERLPESQVLSAQEVAPRAELLILAVPDHELGALVSGLATTGSVRPGTIVVHTSGANGITILEPLTALGCVPLAIHPAMTFVGGDEDIERLPNACFGITAADEIGYAIGTALVLEIGGEPVRVREDARTLYHAALAHGSNHVVTLVLDAVEALRSALWGQELLGQEIIGDGPGGLPERMLAPLIRAAVTNALDRGQSALTGPVARGDGAAIGRHLDALTEADPALAEAYRADARRTAQRAHAPQSVFAAL,8.88477e-141
2,42,gnl|BL_ORD_ID|167310,NP_301289.1 hypothetical protein ML0229 [Mycobacterium leprae TN],MEQFDGLRPARLKVGIISAGRVGSALGVALERADHVVVACSAISQASLQRAQRRLPDTPVLSPPDVAAGAELLLLAVTDSELPGLVAGLAATSAVRPGTIVVHTSGANGIGILEPLTRQGCIPVAIHPAMTFTGSDEDIA--RLPDTCFGVTAADEVGYAIGQSLVLEMGGEPFFVREDARVLYHAALAHASNHLVTVLADALEALRAALTGDELLGQ--------QRVDNQPGGIAERIVGPLARAALENTLQRGQAALTGPVARGDAAAVAGHLSALGDADPELAHAYRVNALRTAQRAHAPDDVVEVL,MVQFDGLRSARLNIAILSTGRVG----VALERADQVVVACSAVSHASRQWVQFRLPETSVASPPEVASSAELLLLAVPDCEFAGLMSGVAVTSVPRPGTIVAHTSWANGVGILAQLGKDGCIPLAIHPAMMFSGSDEDLSQCQLRDTYFGITKTDDVGYAIAQSLVLEMGGEPFCVVEYARILYHSVSPHVGNHIVTVLADALEVRRSALRGSELLGLGVPPACRGEVVDDQLDVIVERIVGSLARAACENTLQRGQAGLTKLVARGDLDALAGHLVALMRIGPELAQAYRVNALRKTQRAHAPYDVVEAL,1.16569e-128
2,43,gnl|BL_ORD_ID|128914,WP_010907613.1 DUF2520 domain-containing protein [Mycobacterium leprae],MEQFDGLRPARLKVGIISAGRVGSALGVALERADHVVVACSAISQASLQRAQRRLPDTPVLSPPDVAAGAELLLLAVTDSELPGLVAGLAATSAVRPGTIVVHTSGANGIGILEPLTRQGCIPVAIHPAMTFTGSDEDIA--RLPDTCFGVTAADEVGYAIGQSLVLEMGGEPFFVREDARVLYHAALAHASNHLVTVLADALEALRAALTGDELLGQ--------QRVDNQPGGIAERIVGPLARAALENTLQRGQAALTGPVARGDAAAVAGHLSALGDADPELAHAYRVNALRTAQRAHAPDDVVEVL,MVQFDGLRSARLNIAILSTGRVG----VALERADQVVVACSAVSHASRQWVQFRLPETSVASPPEVASSAELLLLAVPDCEFAGLMSGVAVTSVPRPGTIVAHTSWANGVGILAQLGKDGCIPLAIHPAMMFSGSDEDLSQCQLRDTYFGITKTDDVGYAIAQSLVLEMGGEPFCVVEYARILYHSVSPHVGNHIVTVLADALEVRRSALRGSELLGLGVPPACRGEVVDDQLDVIVERIVGSLARAACENTLQRGQAGLTKLVARGDLDALAGHLVALMRIGPELAQAYRVNALRKTQRAHAPYDVVEAL,1.16569e-128
